<?xml version="1.0" encoding="UTF-8"?>
<project-private xmlns="http://www.netbeans.org/ns/project-private/1">
    <editor-bookmarks xmlns="http://www.netbeans.org/ns/editor-bookmarks/2" lastBookmarkId="0"/>
    <open-files xmlns="http://www.netbeans.org/ns/projectui-open-files/2">
        <group>
            <file>file:/C:/Users/aagri/Documents/NetBeansProjects/BestGameEverRepository/src/bestgameever/Helmet.java</file>
            <file>file:/C:/Users/aagri/Documents/NetBeansProjects/BestGameEverRepository/src/bestgameever/Inventory.java</file>
            <file>file:/C:/Users/aagri/Documents/NetBeansProjects/BestGameEverRepository/src/bestgameever/Player.java</file>
            <file>file:/C:/Users/aagri/Documents/NetBeansProjects/BestGameEverRepository/src/bestgameever/Food.java</file>
            <file>file:/C:/Users/aagri/Documents/NetBeansProjects/BestGameEverRepository/src/bestgameever/Armor.java</file>
            <file>file:/C:/Users/aagri/Documents/NetBeansProjects/BestGameEverRepository/src/bestgameever/Book.java</file>
            <file>file:/C:/Users/aagri/Documents/NetBeansProjects/BestGameEverRepository/src/bestgameever/BestGameEver.java</file>
            <file>file:/C:/Users/aagri/Documents/NetBeansProjects/BestGameEverRepository/src/bestgameever/Stats.java</file>
            <file>file:/C:/Users/aagri/Documents/NetBeansProjects/BestGameEverRepository/src/bestgameever/Potion.java</file>
            <file>file:/C:/Users/aagri/Documents/NetBeansProjects/BestGameEverRepository/src/bestgameever/Item.java</file>
            <file>file:/C:/Users/aagri/Documents/NetBeansProjects/BestGameEverRepository/src/bestgameever/ChestArmor.java</file>
            <file>file:/C:/Users/aagri/Documents/NetBeansProjects/BestGameEverRepository/src/bestgameever/MenuFactory.java</file>
        </group>
    </open-files>
</project-private>
